<?xml version="1.0" encoding="UTF-8"?>
<web-app xmlns:xsi="http://www.w3.org/2001/XMLSchema-instance" xmlns="http://java.sun.com/xml/ns/javaee" xsi:schemaLocation="http://java.sun.com/xml/ns/javaee http://java.sun.com/xml/ns/javaee/web-app_2_5.xsd" id="WebApp_ID" version="2.5">
  <display-name>insure</display-name>
  <welcome-file-list>
    <welcome-file>index.html</welcome-file>
  </welcome-file-list>
  <servlet>
    <description></description>
    <display-name>JsonServlet</display-name>
    <servlet-name>JsonServlet</servlet-name>
    <servlet-class>org.insure.servlet.JsonServlet</servlet-class>
  </servlet>
  <servlet-mapping>
    <servlet-name>JsonServlet</servlet-name>
    <url-pattern>/json</url-pattern>
  </servlet-mapping>
  <servlet>
    <description></description>
    <display-name>AdminServlet</display-name>
    <servlet-name>AdminServlet</servlet-name>
    <servlet-class>org.insure.servlet.AdminServlet</servlet-class>
  </servlet>
  <servlet-mapping>
    <servlet-name>AdminServlet</servlet-name>
    <url-pattern>/riskadm</url-pattern>
  </servlet-mapping>
  <servlet>
    <description></description>
    <display-name>PayServlet</display-name>
    <servlet-name>PayServlet</servlet-name>
    <servlet-class>org.insure.servlet.PayServlet</servlet-class>
  </servlet>
  <servlet-mapping>
    <servlet-name>PayServlet</servlet-name>
    <url-pattern>/payok</url-pattern>
  </servlet-mapping>
  <servlet>
    <description></description>
    <display-name>PayError</display-name>
    <servlet-name>PayError</servlet-name>
    <servlet-class>org.insure.servlet.PayError</servlet-class>
  </servlet>
  <servlet-mapping>
    <servlet-name>PayError</servlet-name>
    <url-pattern>/payerr</url-pattern>
  </servlet-mapping>
  <security-constraint>
		<web-resource-collection>
			<web-resource-name>Protected Context</web-resource-name>
			<url-pattern>/*</url-pattern>
		</web-resource-collection>
		<user-data-constraint>
			<transport-guarantee>CONFIDENTIAL</transport-guarantee>
		</user-data-constraint>
	</security-constraint>
</web-app>