<?xml version="1.0" encoding="UTF-8"?>
<Configuration>

	<!-- Author: Crunchify.com -->
	<Appenders>
		<Console name="Console" target="SYSTEM_OUT">
			<PatternLayout pattern="%d{yyyy-MM-dd HH:mm:ss} [%t] %-5p %c{1}:%L - %msg%n" />
		</Console>

		<RollingFile name="RollingFile" filename="${sys:catalina.home}/logs/app.log"
			filepattern="${logPath}/%d{yyyyMMddHHmmss}-fargo.log">
			<PatternLayout pattern="%d{yyyy-MM-dd HH:mm:ss} [%t] %-5p %c{1}:%L - %msg%n" />
			<Policies>
				<SizeBasedTriggeringPolicy size="10 MB" />
			</Policies>
			<DefaultRolloverStrategy max="10" />
		</RollingFile>

	</Appenders>
	<Loggers>
		<Root level="INFO">
			<AppenderRef ref="Console" />
			<AppenderRef ref="RollingFile" />
		</Root>
		<!-- Log all SQL DML statements as they are executed -->
		<Logger name="org.hibernate.SQL" level="ERROR" />
		<!-- Log all JDBC parameters -->
		<Logger name="org.hibernate.type" level="ERROR" />
		<!-- Log all SQL DDL statements as they are executed -->
		<Logger name="org.hibernate.tool.hbm2ddl" level="ERROR" />
		<!-- Log the state of all entities (max 20 entities) associated with the 
			session at flush time -->
		<Logger name="org.hibernate.pretty" level="ERROR" />
		<!-- Log all second-level cache activity -->
		<Logger name="org.hibernate.cache" level="ERROR" />
		<!-- Log transaction related activity -->
		<Logger name="org.hibernate.transaction" level="ERROR" />
		<!-- Log all JDBC resource acquisition -->
		<Logger name="org.hibernate.jdbc" level="ERROR" />
		<!-- Log HQL and SQL ASTs during query parsing -->
		<Logger name="org.hibernate.hql.ast.AST" level="ERROR" />
		<!-- Log all JAAS authorization requests -->
		<Logger name="org.hibernate.secure" level="ERROR" />
		<!-- Log everything (a lot of ERRORrmation, but very useful for troubleshooting) -->
		<Logger name="org.hibernate" level="ERROR" />
	</Loggers>
</Configuration>